<?xml version="1.0" encoding="utf-8"?>
<extension version="3.3" type="plugin" group="content" method="upgrade">
	<name>plg_content_simpleimageslider</name>
	<description>PLG_CONTENT_SIMPLEIMAGESLIDER_DESCRIPTION</description>
	
	<author>Marco Beierer</author>
	<authorEmail>info@marcobeierer.ch</authorEmail>
	<authorUrl>https://www.marcobeierer.ch</authorUrl>
	
	<version>1.0.0-beta.4</version>
	<creationDate>March 2015</creationDate>
	
	<copyright>Copyright (C) 2015 Marco Beierer. All rights reserved.</copyright>
	<license>http://www.gnu.org/licenses/agpl-3.0.html GNU/AGPL</license>

	<files folder="plugin">
		<filename plugin="simpleimageslider">simpleimageslider.php</filename>
		<folder>tmpl</folder>
	</files>

	<languages folder="language">
		<language tag="en-GB">en-GB.plg_content_simpleimageslider.ini</language>
		<language tag="de-DE">de-DE.plg_content_simpleimageslider.ini</language>
		<language tag="en-GB">en-GB.plg_content_simpleimageslider.sys.ini</language>
		<language tag="de-DE">de-DE.plg_content_simpleimageslider.sys.ini</language>
	</languages>

	<media folder="media" destination="plg_content_simpleimageslider">
		<file>simpleimageslider.css</file>
		<file>simpleimageslider.js</file>
	</media>
	
	<config>
		<fields name="params">
			<fieldset name="basic">
			</fieldset>
		</fields>
	</config>
</extension>
